<?xml version="1.0"?>
<!DOCTYPE hibernate-mapping PUBLIC "-//Hibernate/Hibernate Mapping DTD 3.0//EN"
"http://hibernate.sourceforge.net/hibernate-mapping-3.0.dtd">
<hibernate-mapping package="com.mtmm.entities">
	<class name="User" table="USER">
		<id name="userNo" column="USER_NO">
			<generator class="increment" />
		</id>
		<property name="firstName" column="FIRST_NM" />
		<property name="lastName" column="LAST_NM" />
		<property name="contactNo" column="CONTACT_NO" />
		<property name="emailAddress" column="EMAIL_ADDRESS" />
	</class>
</hibernate-mapping>