<?xml version="1.0" encoding="UTF-8"?>
<beans xmlns="http://www.springframework.org/schema/beans"
	xmlns:xsi="http://www.w3.org/2001/XMLSchema-instance" xmlns:security="http://www.springframework.org/schema/security"
	xsi:schemaLocation="http://www.springframework.org/schema/beans http://www.springframework.org/schema/beans/spring-beans.xsd
		http://www.springframework.org/schema/security http://www.springframework.org/schema/security/spring-security-4.2.xsd">

	<security:http auto-config="true">
		<!-- <security:http-basic /> -->
		<security:intercept-url pattern="/activate-sim.htm"
			access="hasAuthority('csr')" />
		<security:intercept-url pattern="/activate.htm"
			access="hasAuthority('csr')" />
	</security:http>

	<security:authentication-manager>
		<security:authentication-provider>
			<security:user-service>
				<security:user name="susan" password="welcome1"
					authorities="csr" />
			</security:user-service>
		</security:authentication-provider>
	</security:authentication-manager>
</beans>
