<?xml version="1.0" encoding="UTF-8" standalone="no"?>
<!DOCTYPE hibernate-mapping PUBLIC "-//Hibernate/Hibernate Mapping DTD 3.0//EN" "http://www.hibernate.org/dtd/hibernate-mapping-3.0.dtd">
<hibernate-mapping package="com.slc.entities">
	<class name="Advisor" table="advisor">
		<cache usage="read-write" />
		<id name="advisorNo" column="advisor_no">
			<generator class="increment" />
		</id>
		<property name="firstName" column="first_nm" />
		<property name="lastName" column="last_nm" />
		<property name="qualification" column="qualification" />
		<property name="experience" />
		<property name="contactNo" column="contact_no" />
		<property name="emailAddress" column="email_address" />
	</class>
</hibernate-mapping>