<?xml version="1.0" encoding="UTF-8"?>
<beans xmlns="http://www.springframework.org/schema/beans"
	xmlns:xsi="http://www.w3.org/2001/XMLSchema-instance"
	xsi:schemaLocation="http://www.springframework.org/schema/beans http://www.springframework.org/schema/beans/spring-beans.xsd">


	<bean class="org.springframework.web.servlet.handler.SimpleUrlHandlerMapping">
		<property name="mappings">
			<props>
				<prop key="/about-us.htm">vabc</prop>
				<prop key="/careers.htm">vcc</prop>
			</props>
		</property>
	</bean>

	<bean id="vabc"
		class="org.springframework.web.servlet.mvc.ParameterizableViewController">
		<property name="viewName" value="au" />
	</bean>
	<bean id="vcc"
		class="org.springframework.web.servlet.mvc.ParameterizableViewController">
		<property name="viewName" value="careers" />
	</bean>
	<bean class="org.springframework.web.servlet.view.BeanNameViewResolver" />
	<bean
		class="org.springframework.web.servlet.view.InternalResourceViewResolver">
		<property name="prefix" value="/WEB-INF/jsp/" />
		<property name="suffix" value=".jsp" />
	</bean>
	

	<bean id="au" class="org.springframework.web.servlet.view.JstlView">
		<property name="url" value="/WEB-INF/jsp/about-us.jsp" />
	</bean>


	<!-- <bean class="org.springframework.web.servlet.view.InternalResourceViewResolver"> 
		<property name="prefix" value="/WEB-INF/jsp/" /> <property name="suffix" 
		value=".jsp" /> </bean> -->
	<!-- <bean class="org.springframework.web.servlet.view.BeanNameViewResolver" 
		/> -->
	<!-- <bean class="org.springframework.web.servlet.view.XmlViewResolver"> 
		<property name="location" value="/WEB-INF/views-beans.xml"/> </bean> -->
	<!-- <bean class="org.springframework.web.servlet.view.ResourceBundleViewResolver"> 
		<property name="basename" value="views"/> </bean> -->
	<!-- <bean class="org.springframework.web.servlet.view.UrlBasedViewResolver"> 
		<property name="prefix" value="/WEB-INF/jsp/"/> <property name="suffix" value=".jsp"/> 
		<property name="viewClass" value="org.springframework.web.servlet.view.JstlView"/> 
		</bean> -->
</beans>












