<?xml version="1.0" encoding="UTF-8"?>
<beans xmlns="http://www.springframework.org/schema/beans"
	xmlns:xsi="http://www.w3.org/2001/XMLSchema-instance"
	xsi:schemaLocation="http://www.springframework.org/schema/beans http://www.springframework.org/schema/beans/spring-beans.xsd">

	<bean class="org.springframework.web.servlet.handler.SimpleUrlHandlerMapping">
		<property name="mappings">
			<props>
				<!-- <prop key="/contact-us.action">contactUsController</prop>
				<prop key="/about-us.action">aboutUsController</prop> -->
				<prop key="/contact-us.action">commonForwardController</prop>
				<prop key="/about-us.action">commonForwardController</prop>
			</props>
		</property>
	</bean>
	<bean id="commonForwardController" class="org.springframework.web.servlet.mvc.UrlFilenameViewController"/>
	
	<!-- <bean id="contactUsController"
		class="org.springframework.web.servlet.mvc.ParameterizableViewController">
		<property name="viewName" value="contact-us" />
	</bean>
	<bean id="aboutUsController"
		class="org.springframework.web.servlet.mvc.ParameterizableViewController">
		<property name="viewName" value="about-us" />
	</bean> -->
	<bean
		class="org.springframework.web.servlet.view.InternalResourceViewResolver">
		<property name="prefix" value="/WEB-INF/jsp/" />
		<property name="suffix" value=".jsp" />
	</bean>
</beans>

















