<?xml version="1.0" encoding="UTF-8"?>
<beans xmlns="http://www.springframework.org/schema/beans"
	xmlns:xsi="http://www.w3.org/2001/XMLSchema-instance" xmlns:context="http://www.springframework.org/schema/context"
	xsi:schemaLocation="http://www.springframework.org/schema/beans http://www.springframework.org/schema/beans/spring-beans.xsd
		http://www.springframework.org/schema/context http://www.springframework.org/schema/context/spring-context-3.0.xsd">

	<bean id="robot" class="com.autowire.annon.Robot" />
	<bean id="chipi7" class="com.autowire.annon.Chip">
		<property name="chipNo" value="35" />
		<property name="chipType" value="i7" />
		<!-- <qualifier value="highCpuChip"/> -->
	</bean>
	<bean id="chipi5" class="com.autowire.annon.Chip">
		<property name="chipNo" value="36" />
		<property name="chipType" value="i5" />
	</bean>
	
	<!-- <bean id="sensor" class="com.autowire.annon.Sensor">
		<property name="sensorId" value="35"/>
		<property name="sensorType" value="Infrared"/>
	</bean> -->
	<context:annotation-config />
</beans>









