<?xml version="1.0" encoding="UTF-8"?>
<beans xmlns="http://www.springframework.org/schema/beans"
	xmlns:xsi="http://www.w3.org/2001/XMLSchema-instance" xmlns:mvc="http://www.springframework.org/schema/mvc"
	xsi:schemaLocation="http://www.springframework.org/schema/mvc http://www.springframework.org/schema/mvc/spring-mvc-4.3.xsd
		http://www.springframework.org/schema/beans http://www.springframework.org/schema/beans/spring-beans.xsd">

	<mvc:view-controller path="/home.htm" view-name="home" />
	<mvc:view-controller path="/requestcab.htm"
		view-name="request-cab" />
	<mvc:view-controller path="/login.htm" view-name="login"/>
	<mvc:view-controller path="/showLogout.htm" view-name="logout"/>
	<mvc:view-resolvers>
		<mvc:jsp prefix="/WEB-INF/jsp/" suffix=".jsp" />
	</mvc:view-resolvers>
	<mvc:annotation-driven />
</beans>
