<?xml version="1.0"?>
<!DOCTYPE hibernate-mapping PUBLIC "-//Hibernate/Hibernate Mapping DTD 3.0//EN"
"http://hibernate.sourceforge.net/hibernate-mapping-3.0.dtd">
<hibernate-mapping package="com.ip.entities">
	<class name="CardPayment" table="CARD_PAYMENT">
		<id name="paymentNo" column="PAYMENT_NO">
			<generator class="increment" />
		</id>
		<property name="description" column="DESCRIPTION" />
		<property name="paidDate" column="PAID_DT" />
		<property name="amount" column="AMOUNT" />
		<property name="cardNo" column="CARD_NO" />
		<property name="cardHolderName" column="CARD_HOLDER_NM" />
		<property name="cardType" column="CARD_TYPE" />
	</class>
</hibernate-mapping>