<?xml version="1.0" encoding="UTF-8"?>
<beans xmlns="http://www.springframework.org/schema/beans"
	xmlns:xsi="http://www.w3.org/2001/XMLSchema-instance"
	xsi:schemaLocation="http://www.springframework.org/schema/beans http://www.springframework.org/schema/beans/spring-beans.xsd">
	
	<bean id="organizer" class="com.cdi.beans.Organizer">
		<property name="meetings">
			<map key-type="java.lang.String" value-type="com.cdi.beans.Meeting">
				<entry key="1001" value-ref="meeting"/>
			</map>
		</property>
		<property name="hosts">
			<props>
				<prop key="1001">Smith</prop>
			</props>
		</property>
	</bean>

	<bean id="meeting" class="com.cdi.beans.Meeting">
		<constructor-arg>
			<set value-type="java.lang.String">
				<value>Smith</value>
				<value>James</value>
				<value>Rod</value>
			</set>
		</constructor-arg>
		<property name="todo">
			<list value-type="java.lang.String">
				<value>Roadmap</value>
				<value>Escalations and issues</value>
			</list>
		</property>
	</bean>
</beans>
