<?xml version="1.0" encoding="UTF-8"?>
<beans xmlns="http://www.springframework.org/schema/beans"
	xmlns:xsi="http://www.w3.org/2001/XMLSchema-instance" xmlns:util="http://www.springframework.org/schema/util"
	xsi:schemaLocation="http://www.springframework.org/schema/beans http://www.springframework.org/schema/beans/spring-beans.xsd
		http://www.springframework.org/schema/util http://www.springframework.org/schema/util/spring-util-3.0.xsd">

	<bean id="meeting" class="com.cdi.beans.Meeting">
		<constructor-arg ref="prsteam"/>
	</bean>

	<util:set id="prsteam" set-class="java.util.HashSet" value-type="java.lang.String">
		<value>Susan</value>
		<value>James</value>
	</util:set>
</beans>










