<?xml version="1.0" encoding="UTF-8"?>
<beans xmlns="http://www.springframework.org/schema/beans"
	xmlns:xsi="http://www.w3.org/2001/XMLSchema-instance" xmlns:aop="http://www.springframework.org/schema/aop"
	xsi:schemaLocation="http://www.springframework.org/schema/beans http://www.springframework.org/schema/beans/spring-beans.xsd
		http://www.springframework.org/schema/aop http://www.springframework.org/schema/aop/spring-aop-4.3.xsd">

	<bean id="keyGenerator1" class="com.ara.beans.KeyGenerator" />
	<bean id="keyGenerator2" class="com.ara.beans.KeyGenerator" />
	<bean id="keyCheckAspect" class="com.ara.aspect.KeyCheckAspect" />

	<aop:config>
		<!-- <aop:pointcut expression="execution(public int com.ara.beans.KeyGenerator.generateKey(int))" 
			id="pc1" /> -->
		<!-- <aop:pointcut expression="within(com.ara.beans.*)" id="pc1"/> -->

		<!-- <aop:pointcut expression="target(com.ara.beans.KeyGenerator)" id="pc1"/> -->

		<!-- <aop:pointcut expression="this(com.ara.beans.KeyGenerator)" id="pc1"/> -->
		<aop:pointcut expression="bean(keyGenerator1)" id="pc1" />
		<aop:aspect ref="keyCheckAspect">
			<aop:after-returning method="check" pointcut-ref="pc1"
				returning="key" />
		</aop:aspect>
	</aop:config>

</beans>







