<?xml version="1.0" encoding="UTF-8"?>
<beans xmlns="http://www.springframework.org/schema/beans"
	xmlns:xsi="http://www.w3.org/2001/XMLSchema-instance" xmlns:aop="http://www.springframework.org/schema/aop"
	xsi:schemaLocation="http://www.springframework.org/schema/beans http://www.springframework.org/schema/beans/spring-beans.xsd
		http://www.springframework.org/schema/aop http://www.springframework.org/schema/aop/spring-aop-4.3.xsd">

	<bean id="loanManager" class="com.mba.beans.LoanManager" />
	<bean id="authenticationHelper" class="com.mba.helper.AuthenticationHelper"
		factory-method="getInstance" />

	<bean id="securityAspect" class="com.mba.aspect.SecurityAspect">
		<property name="authenticationHelper" ref="authenticationHelper" />
	</bean>

	<aop:config>
		<aop:pointcut expression="execution(* com.mba.beans.*.*(..))"
			id="securityPointcut" />
		<aop:aspect ref="securityAspect">
			<aop:before method="audit" pointcut-ref="securityPointcut" />
			<aop:before method="verify" pointcut-ref="securityPointcut" />
		</aop:aspect>
	</aop:config>

</beans>










