<?xml version="1.0"?>
<!DOCTYPE hibernate-mapping PUBLIC "-//Hibernate/Hibernate Mapping DTD 3.0//EN"
"http://hibernate.sourceforge.net/hibernate-mapping-3.0.dtd">
<hibernate-mapping package="com.tpcc.entities">
	<class name="Payment" table="PAYMENT">
		<id name="paymentNo" column="PAYMENT_NO">
			<generator class="increment" />
		</id>
		<property name="description" column="DESCRIPTION" />
		<property name="paidDate" column="PAID_DT" />
		<property name="amount" column="AMOUNT" />
	</class>
</hibernate-mapping>