<?xml version="1.0" encoding="UTF-8"?>
<beans xmlns="http://www.springframework.org/schema/beans"
	xmlns:xsi="http://www.w3.org/2001/XMLSchema-instance"
	xsi:schemaLocation="http://www.springframework.org/schema/beans http://www.springframework.org/schema/beans/spring-beans.xsd">

	<bean id="cache" class="com.don.beans.Cache" factory-method="getInstance" />
	<bean id="placeInterestRatePropsAccessor" class="com.don.beans.PlaceInterestRatePropsAccessor">
		<constructor-arg value="p-ri" />
	</bean>
	<bean id="loanPlanner" class="com.don.beans.LoanPlanner"
		depends-on="cacheManager">
		<property name="cache" ref="cache" />
	</bean>
	<bean id="cacheManager" class="com.don.beans.CacheManager">
		<constructor-arg ref="cache" />
		<constructor-arg>
			<list value-type="com.don.beans.IAccessor">
				<ref bean="placeInterestRatePropsAccessor" />
			</list>
		</constructor-arg>
	</bean>
</beans>











