<?xml version="1.0"?>
<!DOCTYPE hibernate-mapping PUBLIC "-//Hibernate/Hibernate Mapping DTD 3.0//EN"
"http://hibernate.sourceforge.net/hibernate-mapping-3.0.dtd">
<hibernate-mapping package="com.mtml.entities">
	<class name="Player" table="PLAYER">
		<id name="playerNo" column="PLAYER_NO">
			<generator class="increment" />
		</id>
		<property name="playerName" column="PLAYER_NM" />
		<property name="age" column="AGE" />
		<property name="gender" column="GENDER" />
	</class>
</hibernate-mapping>