<?xml version="1.0" encoding="UTF-8"?>
<beans xmlns="http://www.springframework.org/schema/beans"
	xmlns:xsi="http://www.w3.org/2001/XMLSchema-instance" xmlns:aop="http://www.springframework.org/schema/aop"
	xmlns:tx="http://www.springframework.org/schema/tx"
	xsi:schemaLocation="http://www.springframework.org/schema/beans http://www.springframework.org/schema/beans/spring-beans.xsd
		http://www.springframework.org/schema/aop http://www.springframework.org/schema/aop/spring-aop-3.0.xsd
		http://www.springframework.org/schema/tx http://www.springframework.org/schema/tx/spring-tx-3.0.xsd">

	<tx:advice id="txAdvice" transaction-manager="transactionManager">
		<tx:attributes>
			<tx:method name="postJob" read-only="false"
				rollback-for="com.dt.exception.CreateJobFailedException" />
		</tx:attributes>
	</tx:advice>

	<aop:config>
		<aop:pointcut expression="within(com.dt.service.*)" id="txPc" />
		<aop:advisor advice-ref="txAdvice" pointcut-ref="txPc" />
	</aop:config>
</beans>












