<?xml version="1.0" encoding="UTF-8"?>
<beans xmlns="http://www.springframework.org/schema/beans"
	xmlns:xsi="http://www.w3.org/2001/XMLSchema-instance" xmlns:security="http://www.springframework.org/schema/security"
	xsi:schemaLocation="http://www.springframework.org/schema/security http://www.springframework.org/schema/security/spring-security-4.2.xsd
		http://www.springframework.org/schema/beans http://www.springframework.org/schema/beans/spring-beans.xsd">

	<security:http auto-config="true">
		<security:csrf disabled="true"/>
		<security:form-login login-page="/login.htm"
			login-processing-url="/login-check.htm" username-parameter="j_username"
			password-parameter="j_password" authentication-failure-url="/login.htm?error=failed"/>
		<security:logout logout-url="/logout.htm" logout-success-url="/home.htm" invalidate-session="true"/>
		<security:intercept-url pattern="/buytickets.htm"
			access="hasAuthority('user')" />
	</security:http>
	<security:authentication-manager>
		<security:authentication-provider>
			<security:user-service>
				<security:user name="john@gmail.com" password="welcome1"
					authorities="user" />
			</security:user-service>
		</security:authentication-provider>
	</security:authentication-manager>
</beans>
