<?xml version="1.0"?>
<!DOCTYPE hibernate-mapping PUBLIC "-//Hibernate/Hibernate Mapping DTD 3.0//EN"
"http://hibernate.sourceforge.net/hibernate-mapping-3.0.dtd">
<hibernate-mapping package="com.mtms.entities">
	<class name="Member" table="MEMBER">
		<id name="memberNo" column="MEMBER_NO">
			<generator class="increment" />
		</id>
		<property name="firstName" column="FIRST_NM" />
		<property name="lastName" column="LAST_NM" />
		<property name="qualification" column="QUALIFICATION" />
		<property name="experience" column="EXPERIENCE" />
	</class>
</hibernate-mapping>