<?xml version="1.0" encoding="UTF-8" standalone="no"?>
<!DOCTYPE hibernate-configuration PUBLIC "-//Hibernate/Hibernate Configuration DTD 3.0//EN" "http://www.hibernate.org/dtd/hibernate-configuration-3.0.dtd">
<hibernate-configuration>
    <session-factory>
        
        <property name="hibernate.connection.driver_class">com.mysql.jdbc.Driver</property>
        <property name="hibernate.connection.password">root</property>
        <property name="hibernate.connection.url">jdbc:mysql://localhost:3306/automobiles</property>
        <property name="hibernate.connection.username">root</property>
        <property name="hibernate.current_session_context_class">thread</property>
        <property name="hibernate.dialect">org.hibernate.dialect.MySQLDialect</property>
        <property name="hibernate.format_sql">true</property>
        <property name="hibernate.hbm2ddl.auto">update</property>
       <property name="hibernate.current_session_context_class">thread</property>
        <property name="hibernate.show_sql">true</property>
        
        <mapping resource="com/automobiles/entities/JobsheetSparepart.hbm.xml"/>
        <mapping resource="com/automobiles/entities/Mechanic.hbm.xml"/>
        <mapping resource="com/automobiles/entities/Invoice.hbm.xml"/>
        <mapping resource="com/automobiles/entities/JobsheetRepairs.hbm.xml"/>
        <mapping resource="com/automobiles/entities/Address.hbm.xml"/>
        <mapping resource="com/automobiles/entities/Customer.hbm.xml"/>
        <mapping resource="com/automobiles/entities/Jobsheet.hbm.xml"/>
        <mapping resource="com/automobiles/entities/Advisor.hbm.xml"/>
        <mapping resource="com/automobiles/entities/Vehicle.hbm.xml"/>
        <mapping resource="com/automobiles/entities/Sparepart.hbm.xml"/>
        <mapping resource="com/automobiles/entities/Bill.hbm.xml"/>
        <mapping resource="com/automobiles/entities/RepairsConducted.hbm.xml"/>
        <mapping resource="com/automobiles/entities/ServiceCenter.hbm.xml"/>
        <mapping resource="com/automobiles/entities/JobsheetMechanic.hbm.xml"/>
        <mapping resource="com/automobiles/entities/Dealer.hbm.xml"/>
    </session-factory>
</hibernate-configuration>
