<?xml version="1.0" encoding="UTF-8"?>
<beans xmlns="http://www.springframework.org/schema/beans"
	xmlns:xsi="http://www.w3.org/2001/XMLSchema-instance"
	xsi:schemaLocation="http://www.springframework.org/schema/beans http://www.springframework.org/schema/beans/spring-beans.xsd">

	<bean class="org.springframework.web.servlet.handler.SimpleUrlHandlerMapping">
		<property name="mappings">
			<props>
				<prop key="/reports.htm">vrc</prop>
				<prop key="/recentproducts.htm">rpcontroller</prop>
			</props>
		</property>
	</bean>
	<bean id="vrc"
		class="org.springframework.web.servlet.mvc.ParameterizableViewController">
		<property name="viewName" value="reports" />
	</bean>
	<bean id="rpcontroller" class="com.vw.controller.RecentProductsController" />

	<bean id="rppdf" class="com.vw.view.RecentProductsPdfView" />
	<bean id="rpxls" class="com.vw.view.RecentProductsXlsView" />

	<bean class="org.springframework.web.servlet.view.BeanNameViewResolver" />
	<bean
		class="org.springframework.web.servlet.view.InternalResourceViewResolver">
		<property name="prefix" value="/WEB-INF/jsp/" />
		<property name="suffix" value=".jsp" />
	</bean>
</beans>











