<?xml version="1.0"?>
<!DOCTYPE hibernate-mapping PUBLIC "-//Hibernate/Hibernate Mapping DTD 3.0//EN"
"http://hibernate.sourceforge.net/hibernate-mapping-3.0.dtd">
<hibernate-mapping package="com.mtmec.entities">
	<class name="Blog" table="BLOG">
		<id name="blogId" column="BLOG_ID">
			<generator class="increment" />
		</id>
		<property name="title" column="TITLE" />
		<property name="blogContent" column="BLOG_CONTENT" />
		<many-to-one name="blogOwner" column="BLOG_OWNER_ID"
			not-null="true" cascade="save-update"/>
		<set name="ratings" cascade="save-update">
			<key column="BLOG_ID" />
			<one-to-many class="BlogUserRatings" />
		</set>
	</class>
</hibernate-mapping>






