<?xml version="1.0"?>
<!DOCTYPE hibernate-mapping PUBLIC "-//Hibernate/Hibernate Mapping DTD 3.0//EN"
"http://hibernate.sourceforge.net/hibernate-mapping-3.0.dtd">
<hibernate-mapping package="com.mtmec.entities">
	<class name="SystemUser" table="SYSTEM_USER">
		<id name="systemUserId" column="SYSTEM_USER_ID">
			<generator class="increment" />
		</id>
		<property name="displayName" column="DISP_NM" />
		<set name="userBlogs">
			<key column="BLOG_OWNER_ID" />
			<one-to-many class="Blog" />
		</set>
		<set name="ratings">
			<key column="SYSTEM_USER_ID" />
			<one-to-many class="BlogUserRatings" />
		</set>
	</class>
</hibernate-mapping>




