<?xml version="1.0"?>
<!DOCTYPE hibernate-mapping PUBLIC "-//Hibernate/Hibernate Mapping DTD 3.0//EN"
"http://hibernate.sourceforge.net/hibernate-mapping-3.0.dtd">
<hibernate-mapping package="com.tpch.entities">
	<class name="Payment" table="PAYMENT" discriminator-value="cash">
		<id name="paymentNo" column="PAYMENT_NO">
			<generator class="increment" />
		</id>
		<discriminator column="PAYMENT_TYPE" />
		<property name="description" column="DESCRIPTION" />
		<property name="paymentDate" column="PAYMENT_DT" />
		<property name="amount" column="AMOUNT" />
	</class>
</hibernate-mapping>