<?xml version="1.0" encoding="UTF-8"?>
<!DOCTYPE hibernate-configuration PUBLIC
		"-//Hibernate/Hibernate Configuration DTD 3.0//EN"
		"http://hibernate.sourceforge.net/hibernate-configuration-3.0.dtd">
<hibernate-configuration>
	<session-factory>
		<property name="connection.driver_class">com.mysql.jdbc.Driver</property>
		<property name="connection.url">jdbc:mysql://localhost:3306/tools</property>
		<property name="connection.username">root</property>
		<property name="connection.password">root</property>

		<property name="show_sql">true</property>
		<property name="hbm2ddl.auto">update</property>
		<property name="current_session_context_class">thread</property>

		<!-- <mapping resource="com/tpch/entities/Payment.hbm.xml" /> <mapping 
			resource="com/tpch/entities/CheckPayment.hbm.xml" /> <mapping resource="com/tpch/entities/CardPayment.hbm.xml" 
			/> -->
		<mapping class="com.tpch.entities.Payment" />
		<mapping class="com.tpch.entities.CardPayment" />
		<mapping class="com.tpch.entities.CheckPayment" />

	</session-factory>
</hibernate-configuration>



