<?xml version="1.0" encoding="UTF-8"?>
<!DOCTYPE hibernate-configuration PUBLIC
		"-//Hibernate/Hibernate Configuration DTD 3.0//EN"
		"http://hibernate.sourceforge.net/hibernate-configuration-3.0.dtd">
<hibernate-configuration>
	<session-factory>
		<property name="connection.driver_class">com.mysql.jdbc.Driver</property>
		<property name="connection.url">jdbc:mysql://localhost:3306/tools</property>
		<property name="connection.username">root</property>
		<property name="connection.password">root</property>
		<property name="show_sql">true</property>
		<property name="hbm2ddl.auto">update</property>
		<property name="current_session_context_class">thread</property>

		<mapping resource="com/mtms/entities/Job.hbm.xml" />
		<mapping resource="com/mtms/entities/Member.hbm.xml" />
	</session-factory>
</hibernate-configuration>




