<?xml version="1.0"?>
<!DOCTYPE hibernate-mapping PUBLIC "-//Hibernate/Hibernate Mapping DTD 3.0//EN"
"http://hibernate.sourceforge.net/hibernate-mapping-3.0.dtd">
<hibernate-mapping package="com.otml.entities">
	<class name="Project" table="PROJECT">
		<id name="projectNo" column="PROJECT_NO">
			<generator class="increment" />
		</id>
		<property name="title" column="TITLE" />
		<property name="description" />
		<property name="duration" />
		<list name="resources">
			<key column="ASGN_PROJECT_NO" />
			<list-index column="ASSIGNED_ORDER" />
			<one-to-many class="Resource" />
		</list>
	</class>
</hibernate-mapping>







