<?xml version="1.0" encoding="UTF-8"?>
<beans xmlns="http://www.springframework.org/schema/beans"
	xmlns:xsi="http://www.w3.org/2001/XMLSchema-instance"
	xsi:schemaLocation="http://www.springframework.org/schema/beans http://www.springframework.org/schema/beans/spring-beans.xsd">

	<bean class="org.springframework.web.servlet.handler.SimpleUrlHandlerMapping">
		<property name="mappings">
			<props>
				<prop key="/search-products.htm">spc</prop>
				<prop key="/do-product-search.htm">pscc</prop>
			</props>
		</property>
	</bean>

	<bean id="spc"
		class="org.springframework.web.servlet.mvc.ParameterizableViewController">
		<property name="viewName" value="search-products" />
	</bean>

	<bean id="pscc" class="com.acc.controller.ProductSearchCommandController">
		<property name="commandClass" value="com.acc.command.ProductSearchCommand" />
	</bean>

	<bean
		class="org.springframework.web.servlet.view.InternalResourceViewResolver">
		<property name="prefix" value="/WEB-INF/jsp/" />
		<property name="suffix" value=".jsp" />
	</bean>

</beans>
